Model,Overall_Accuracy,Overall_Loss,Macro_Avg_Precision,Macro_Avg_Recall,Macro_Avg_F1,Weighted_Avg_Precision,Weighted_Avg_Recall,Weighted_Avg_F1,HGC_Precision,HGC_Recall,HGC_F1,HGC_Support,LGC_Precision,LGC_Recall,LGC_F1,LGC_Support,NST_Precision,NST_Recall,NST_F1,NST_Support,NTL_Precision,NTL_Recall,NTL_F1,NTL_Support,Macro_AUC,Micro_AUC,HGC_AUC,LGC_AUC,NST_AUC,NTL_AUC,HGC_Plot_AUC,LGC_Plot_AUC,NST_Plot_AUC,NTL_Plot_AUC,Micro_Avg_Plot_AUC
GoogleNet,53.96825396825397,1.771993117988425,0.5331738437001594,0.57895206527282,0.519874879132988,0.5485905721494694,0.5396825396825397,0.5165491294864911,0.6103896103896104,0.6351351351351351,0.6225165562913907,74.0,0.4,0.1509433962264151,0.2191780821917808,53.0,0.7714285714285715,0.7297297297297297,0.75,37.0,0.3508771929824561,0.8,0.4878048780487805,25.0,0.7235125732035134,0.7236639511771787,0.7585193889541715,0.4741953385127635,0.854018492176387,0.8073170731707316,0.7585193889541715,0.4741953385127635,0.854018492176387,0.8073170731707316,0.7236639511771787
