{
  "val_accuracy": 0.9841269841269841,
  "val_f1": 0.9841173614831048,
  "val_mcc": 0.9775314737432376,
  "val_kappa": 0.977447484857597,
  "test_wli_accuracy": 0.9236641221374046,
  "test_wli_f1": 0.9190174223081271,
  "test_wli_mcc": 0.8722991378456146,
  "test_wli_kappa": 0.8701684836471755
}